/*CREATE DATABASE LIGHT_AFFECT;
*/

DROP TABLE IF EXISTS LIGHT_AFFECT.PRODUCT_PHOTO;
DROP TABLE IF EXISTS LIGHT_AFFECT.PRODUCT;
DROP TABLE IF EXISTS LIGHT_AFFECT.CHOICE;
DROP TABLE IF EXISTS LIGHT_AFFECT.QUESTION;
DROP TABLE IF EXISTS LIGHT_AFFECT.CONTACT;


CREATE TABLE LIGHT_AFFECT.QUESTION (
  ID    INT AUTO_INCREMENT NOT NULL,
  NAME  VARCHAR(255),
  TOPIC VARCHAR(255),
  PRIMARY KEY (`ID`)
);


CREATE TABLE LIGHT_AFFECT.CHOICE (
  ID              INT AUTO_INCREMENT NOT NULL,
  NAME            VARCHAR(255),
  QUESTIONID      INT,
  LAST_SELECTED   INT,
  NEXT_QUESTIONID INT,
  PRIMARY KEY (`ID`),
  CONSTRAINT la_question FOREIGN KEY (QUESTIONID)
  REFERENCES QUESTION (ID)
);


CREATE TABLE LIGHT_AFFECT.PRODUCT (
  ID    INT,
  PRICE VARCHAR(255),
  CHOICE_ID  INT,
  PRIMARY KEY (`ID`),
  CONSTRAINT la_productType FOREIGN KEY (CHOICE_ID)
  REFERENCES CHOICE (ID)
);

CREATE TABLE LIGHT_AFFECT.PRODUCT_PHOTO (
  ID         INT,
  URL        VARCHAR(255),
  PHOTO      BLOB,
  PRODUCT_ID INT,
  TARGET_URL VARCHAR(255),
  PRIMARY KEY (`ID`),
  CONSTRAINT la_product_photo FOREIGN KEY (PRODUCT_ID)
  REFERENCES PRODUCT (ID)

);


CREATE TABLE LIGHT_AFFECT.CONTACT (
  ID      INT AUTO_INCREMENT NOT NULL,
  PLACE   VARCHAR(255),
  PHONE   VARCHAR(255),
  ADDRESS VARCHAR(255),
  PRIMARY KEY (`ID`)
);

ALTER TABLE LIGHT_AFFECT.CONTACT
  CONVERT TO CHARACTER SET utf8;
ALTER TABLE LIGHT_AFFECT.QUESTION
  CONVERT TO CHARACTER SET utf8;
ALTER TABLE LIGHT_AFFECT.CHOICE
  CONVERT TO CHARACTER SET utf8;
ALTER TABLE LIGHT_AFFECT.PRODUCT
  CONVERT TO CHARACTER SET utf8;



INSERT INTO LIGHT_AFFECT.QUESTION (ID, NAME, TOPIC) VALUES (1, 'Ընտրեք ինչ է ձեզ հետաքրքրում?', 'start');


INSERT INTO LIGHT_AFFECT.CHOICE (ID, NAME, QUESTIONID, LAST_SELECTED, NEXT_QUESTIONID)
VALUES (1, '1_Ծանոթանալ տեսականիին', '1', NULL, 2);
INSERT INTO LIGHT_AFFECT.CHOICE (ID, NAME, QUESTIONID, LAST_SELECTED, NEXT_QUESTIONID)
VALUES (2, '2_Կոնտակտային տվյալներ', '1', NULL, NULL);




INSERT INTO LIGHT_AFFECT.CONTACT (PLACE, PHONE, ADDRESS)
VALUES ('Light Affect', '041220555', 'Tashir Mall,4֊րդ հարկ, Armenian Brands տաղավար');




INSERT INTO LIGHT_AFFECT.QUESTION (ID, NAME, TOPIC) VALUES (2, 'Ընտրեք, որ բաժինն է հետաքրքրում?', 'sex');


INSERT INTO LIGHT_AFFECT.CHOICE (ID, NAME, QUESTIONID, LAST_SELECTED, NEXT_QUESTIONID)
VALUES (3, '3_Տղամարդու', 2, 1, 4);
INSERT INTO LIGHT_AFFECT.CHOICE (ID, NAME, QUESTIONID, LAST_SELECTED, NEXT_QUESTIONID)
VALUES (4, '4_Կանացի', 2, 1, 3);




INSERT INTO LIGHT_AFFECT.QUESTION (ID, NAME, TOPIC) VALUES (3, 'Ընտրեք, որ բաժինն է հետաքրքրում?', 'product_type_women');
INSERT INTO LIGHT_AFFECT.QUESTION (ID, NAME, TOPIC) VALUES (4, 'Ընտրեք, որ բաժինն է հետաքրքրում?', 'product_type_men');
INSERT INTO LIGHT_AFFECT.QUESTION (ID, NAME, TOPIC) VALUES (5, 'Ընտրեք, որ բաժինն է հետաքրքրում?', 'Ankap_type');


INSERT INTO LIGHT_AFFECT.CHOICE (ID, NAME, QUESTIONID, LAST_SELECTED, NEXT_QUESTIONID) VALUES (5, '5_Շորիկ', 3, 4, 5);
INSERT INTO LIGHT_AFFECT.CHOICE (ID, NAME, QUESTIONID, LAST_SELECTED, NEXT_QUESTIONID) VALUES (6, '6_Մայկա', 3, 4, 5);
INSERT INTO LIGHT_AFFECT.CHOICE (ID, NAME, QUESTIONID, LAST_SELECTED, NEXT_QUESTIONID) VALUES (7, '7_Բիժու', 3, 4, 5);
INSERT INTO LIGHT_AFFECT.CHOICE (ID, NAME, QUESTIONID, LAST_SELECTED, NEXT_QUESTIONID) VALUES (8, '8_Կոշիկ', 3, 4, 5);


INSERT INTO LIGHT_AFFECT.CHOICE (ID, NAME, QUESTIONID, LAST_SELECTED, NEXT_QUESTIONID) VALUES (9, '9_Մայկա', 4, 3, 5);
INSERT INTO LIGHT_AFFECT.CHOICE (ID, NAME, QUESTIONID, LAST_SELECTED, NEXT_QUESTIONID) VALUES (10, '10_Շալվար', 4, 3, 5);
INSERT INTO LIGHT_AFFECT.CHOICE (ID, NAME, QUESTIONID, LAST_SELECTED, NEXT_QUESTIONID) VALUES (11, '11_Կոշիկ', 4, 3, 5);






INSERT INTO LIGHT_AFFECT.PRODUCT (ID, PRICE, CHOICE_ID) VALUES (1, '10.000 դրամ', 5);
INSERT INTO LIGHT_AFFECT.PRODUCT (ID, PRICE, CHOICE_ID) VALUES (2, '11.000 դրամ', 5);
INSERT INTO LIGHT_AFFECT.PRODUCT (ID, PRICE, CHOICE_ID) VALUES (3, '12.000 դրամ', 5);
INSERT INTO LIGHT_AFFECT.PRODUCT (ID, PRICE, CHOICE_ID) VALUES (4, '13.000 դրամ', 6);
INSERT INTO LIGHT_AFFECT.PRODUCT (ID, PRICE, CHOICE_ID) VALUES (5, '14.000 դրամ', 6);

INSERT INTO LIGHT_AFFECT.PRODUCT_PHOTO (ID, URL, PHOTO, PRODUCT_ID,TARGET_URL) VALUES
  (1,'https://scontent.fevn1-1.fna.fbcdn.net/v/t31.0-8/18836668_1975739422660318_8841904638295923351_o.jpg?oh=72993a3a6a1570608caecb323e80b505&oe=5A6DC5F2',
   NULL, 1,'https://www.facebook.com/lightaffect1/photos/a.1765068967060699.1073741828.1765067680394161/1975739422660318/?type=3&theater');
INSERT INTO LIGHT_AFFECT.PRODUCT_PHOTO (ID, URL, PHOTO, PRODUCT_ID,TARGET_URL) VALUES
  (2,'https://scontent.fevn1-1.fna.fbcdn.net/v/t31.0-8/18880042_1975738649327062_8989477879759201260_o.jpg?oh=77c2fc2a19f1b37911d2fc5698570ba4&oe=5A840A2F',
   NULL, 2,'https://www.facebook.com/lightaffect1/photos/a.1765068967060699.1073741828.1765067680394161/1975738649327062/?type=3&theater');
INSERT INTO LIGHT_AFFECT.PRODUCT_PHOTO (ID, URL, PHOTO, PRODUCT_ID,TARGET_URL) VALUES
  (3,'https://scontent.fevn1-1.fna.fbcdn.net/v/t31.0-8/19390634_1984278141806446_5720918993626411404_o.jpg?oh=9df18a8ed80fb94e92b0972055d705ce&oe=5A7D4A60',
   NULL, 3,'https://www.facebook.com/lightaffect1/photos/a.1765068967060699.1073741828.1765067680394161/1984278141806446/?type=3&theater');
INSERT INTO LIGHT_AFFECT.PRODUCT_PHOTO (ID, URL, PHOTO, PRODUCT_ID,TARGET_URL) VALUES
  (4,'https://scontent.fevn1-1.fna.fbcdn.net/v/t31.0-8/21246504_2022214021346191_9126202906630822922_o.jpg?oh=a2da98218e012a1a7ca0441d8cd65400&oe=5A739372',
   NULL, 4,'https://www.facebook.com/lightaffect1/photos/a.1765068967060699.1073741828.1765067680394161/1984278141806446/?type=3&theater');

INSERT INTO LIGHT_AFFECT.PRODUCT_PHOTO (ID, URL, PHOTO, PRODUCT_ID,TARGET_URL) VALUES
  (5,'https://scontent.fevn1-1.fna.fbcdn.net/v/t1.0-9/21272080_2022211401346453_7641321039395991994_n.jpg?oh=f2584964ce11ac3c15f31ef5e8bb3b70&oe=5A67C0E3',
   NULL, 4,'https://www.facebook.com/lightaffect1/photos/a.1765068967060699.1073741828.1765067680394161/2022211401346453/?type=3&theater');
INSERT INTO LIGHT_AFFECT.PRODUCT_PHOTO (ID, URL, PHOTO, PRODUCT_ID,TARGET_URL) VALUES
  (6,'https://scontent.fevn1-1.fna.fbcdn.net/v/t1.0-9/21192570_2022213041346289_8292937856284510617_n.jpg?oh=55fb9dc481d827ac0cee5db7488d36e1&oe=5A3BA6B9',
   NULL, 5,'https://www.facebook.com/lightaffect1/photos/a.1765068967060699.1073741828.1765067680394161/2022213041346289/?type=3&theater');



























