/*CREATE DATABASE LIGHT_AFFECT;
*/

DROP TABLE IF EXISTS LIGHT_AFFECT.PRODUCT_PHOTO;
DROP TABLE IF EXISTS LIGHT_AFFECT.PRODUCT;
DROP TABLE IF EXISTS LIGHT_AFFECT.CHOICE;
DROP TABLE IF EXISTS LIGHT_AFFECT.QUESTION;
DROP TABLE IF EXISTS LIGHT_AFFECT.CONTACT;


CREATE TABLE LIGHT_AFFECT.QUESTION (
  ID    INT AUTO_INCREMENT NOT NULL,
  NAME  VARCHAR(255),
  TOPIC VARCHAR(255),
  PRIMARY KEY (`ID`)
);


CREATE TABLE LIGHT_AFFECT.CHOICE (
  ID              INT AUTO_INCREMENT NOT NULL,
  NAME            VARCHAR(255),
  QUESTIONID      INT,
  LAST_SELECTED   INT,
  NEXT_QUESTIONID INT,
  PRIMARY KEY (`ID`),
  CONSTRAINT la_question FOREIGN KEY (QUESTIONID)
  REFERENCES QUESTION (ID)
);


CREATE TABLE LIGHT_AFFECT.PRODUCT (
  ID    INT,
  PRICE VARCHAR(255),
  TYPE  INT,
  PRIMARY KEY (`ID`),
  CONSTRAINT la_productType FOREIGN KEY (TYPE)
  REFERENCES CHOICE (ID)
);

CREATE TABLE LIGHT_AFFECT.PRODUCT_PHOTO (
  ID         INT,
  URL        VARCHAR(255),
  PHOTO      BLOB,
  PRODUCT_ID INT,
  PRIMARY KEY (`ID`),
  CONSTRAINT la_product_photo FOREIGN KEY (PRODUCT_ID)
  REFERENCES PRODUCT (ID)

);


CREATE TABLE LIGHT_AFFECT.CONTACT (
  ID      INT AUTO_INCREMENT NOT NULL,
  PLACE   VARCHAR(255),
  PHONE   VARCHAR(255),
  ADDRESS VARCHAR(255),
  PRIMARY KEY (`ID`)
);

ALTER TABLE LIGHT_AFFECT.CONTACT
  CONVERT TO CHARACTER SET utf8;
ALTER TABLE LIGHT_AFFECT.QUESTION
  CONVERT TO CHARACTER SET utf8;
ALTER TABLE LIGHT_AFFECT.CHOICE
  CONVERT TO CHARACTER SET utf8;
ALTER TABLE LIGHT_AFFECT.PRODUCT
  CONVERT TO CHARACTER SET utf8;



INSERT INTO LIGHT_AFFECT.QUESTION (ID, NAME, TOPIC) VALUES (1, 'Ընտրեք ինչ է ձեզ հետաքրքրում?', 'start');


INSERT INTO LIGHT_AFFECT.CHOICE (ID, NAME, QUESTIONID, LAST_SELECTED, NEXT_QUESTIONID)
VALUES (1, '1_Ծանոթանալ տեսականու հետ', '1', NULL, 2);
INSERT INTO LIGHT_AFFECT.CHOICE (ID, NAME, QUESTIONID, LAST_SELECTED, NEXT_QUESTIONID)
VALUES (2, '2_Կոնտակտային տվյալներ', '1', NULL, NULL);




INSERT INTO LIGHT_AFFECT.CONTACT (PLACE, PHONE, ADDRESS)
VALUES ('Light Affect', '041220555', 'Tashir Mall,4֊րդ հարկ, Armenian Brands տաղավար');




INSERT INTO LIGHT_AFFECT.QUESTION (ID, NAME, TOPIC) VALUES (2, 'Ընտրեք, որ բաժինն է հետաքրքրում?', 'sex');


INSERT INTO LIGHT_AFFECT.CHOICE (ID, NAME, QUESTIONID, LAST_SELECTED, NEXT_QUESTIONID)
VALUES (3, '3_Տղամարդու', '2', 1, 3);
INSERT INTO LIGHT_AFFECT.CHOICE (ID, NAME, QUESTIONID, LAST_SELECTED, NEXT_QUESTIONID)
VALUES (4, '4_Կանացի', '2', 1, 3);




INSERT INTO LIGHT_AFFECT.QUESTION (ID, NAME, TOPIC) VALUES (3, 'Ընտրեք, որ բաժինն է հետաքրքրում?', 'product_type');


INSERT INTO LIGHT_AFFECT.CHOICE (ID, NAME, QUESTIONID, LAST_SELECTED, NEXT_QUESTIONID) VALUES (5, '5_Շորիկ', '3', 4, 4);
INSERT INTO LIGHT_AFFECT.CHOICE (ID, NAME, QUESTIONID, LAST_SELECTED, NEXT_QUESTIONID) VALUES (6, '6_Մայկա', '3', 4, 4);
INSERT INTO LIGHT_AFFECT.CHOICE (ID, NAME, QUESTIONID, LAST_SELECTED, NEXT_QUESTIONID) VALUES (7, '7_Բիժու', '3', 4, 4);
INSERT INTO LIGHT_AFFECT.CHOICE (ID, NAME, QUESTIONID, LAST_SELECTED, NEXT_QUESTIONID) VALUES (8, '8_Կոշիկ', '3', 4, 4);


INSERT INTO LIGHT_AFFECT.CHOICE (ID, NAME, QUESTIONID, LAST_SELECTED, NEXT_QUESTIONID) VALUES (9, '9_Մայկա', '3', 5, 4);
INSERT INTO LIGHT_AFFECT.CHOICE (ID, NAME, QUESTIONID, LAST_SELECTED, NEXT_QUESTIONID)
VALUES (10, '10_Շալվար', '3', 5, 4);
INSERT INTO LIGHT_AFFECT.CHOICE (ID, NAME, QUESTIONID, LAST_SELECTED, NEXT_QUESTIONID)
VALUES (11, '11_Կոշիկ', '3', 5, 4);


INSERT INTO LIGHT_AFFECT.QUESTION (ID, NAME, TOPIC) VALUES (4, 'Ընտրեք, որն է ձեզ հետաքրքրում?', 'product_type');




INSERT INTO LIGHT_AFFECT.PRODUCT (ID, PRICE, TYPE) VALUES (1, '10.000 դրամ', 5);

INSERT INTO LIGHT_AFFECT.PRODUCT_PHOTO (ID, URL, PHOTO, PRODUCT_ID) VALUES
  (1,'https://scontent.fevn1-1.fna.fbcdn.net/v/t31.0-8/18836668_1975739422660318_8841904638295923351_o.jpg?oh=316f99c55180fb1882ddc5b73daafb43&oe=5A4638F2',
   NULL, 1);
INSERT INTO LIGHT_AFFECT.PRODUCT_PHOTO (ID, URL, PHOTO, PRODUCT_ID) VALUES
  (2,'https://scontent.fevn1-1.fna.fbcdn.net/v/t31.0-8/19390634_1984278141806446_5720918993626411404_o.jpg?oh=9df18a8ed80fb94e92b0972055d705ce&oe=5A7D4A60',
   NULL, 1);
INSERT INTO LIGHT_AFFECT.PRODUCT_PHOTO (ID, URL, PHOTO, PRODUCT_ID) VALUES (3,'https://scontent.fevn1-1.fna.fbcdn.net/v/t1.0-9/21192570_2022213041346289_8292937856284510617_n.jpg?oh=55fb9dc481d827ac0cee5db7488d36e1&oe=5A3BA6B9',
   NULL, 1);
INSERT INTO LIGHT_AFFECT.PRODUCT_PHOTO (ID, URL, PHOTO, PRODUCT_ID) VALUES (4,'https://scontent.fevn1-1.fna.fbcdn.net/v/t31.0-8/21246504_2022214021346191_9126202906630822922_o.jpg?oh=a2da98218e012a1a7ca0441d8cd65400&oe=5A739372',
   NULL, 1);


INSERT INTO LIGHT_AFFECT.PRODUCT (ID, PRICE, TYPE) VALUES (2, '11.000 դրամ', 5);
INSERT INTO LIGHT_AFFECT.PRODUCT (ID, PRICE, TYPE) VALUES (3, '12.000 դրամ', 5);
INSERT INTO LIGHT_AFFECT.PRODUCT (ID, PRICE, TYPE) VALUES (4, '13.000 դրամ', 5);
INSERT INTO LIGHT_AFFECT.PRODUCT (ID, PRICE, TYPE) VALUES (5, '14.000 դրամ', 5);
INSERT INTO LIGHT_AFFECT.PRODUCT (ID, PRICE, TYPE) VALUES (6, '15.000 դրամ', 5);

























